INSERT INTO ROLE_T (ROLE_ID, ROLE_NAME) VALUES ('1', 'ADMIN');
INSERT INTO ROLE_T (ROLE_ID, ROLE_NAME) VALUES ('2', 'USER');

INSERT INTO PRIVILEGE_T (PRIVILEGE_ID, PRIVILEGE_NAME) VALUES ('1', 'ADMIN');
INSERT INTO PRIVILEGE_T (PRIVILEGE_ID, PRIVILEGE_NAME) VALUES ('2', 'PERM_VIEW_USER');
INSERT INTO PRIVILEGE_T (PRIVILEGE_ID, PRIVILEGE_NAME) VALUES ('3', 'PERM_DELETE_USER');
INSERT INTO PRIVILEGE_T (PRIVILEGE_ID, PRIVILEGE_NAME) VALUES ('4', 'PERM_EDIT_USER');
INSERT INTO PRIVILEGE_T (PRIVILEGE_ID, PRIVILEGE_NAME) VALUES ('5', 'PERM_CHANGE_ACTIVE_USER');
INSERT INTO PRIVILEGE_T (PRIVILEGE_ID, PRIVILEGE_NAME) VALUES ('6', 'PERM_VIEW_USERFLAG');

INSERT INTO ROLE_PRIVILEGES (ROLE_ID, PRIVILEGE_ID) VALUES ('1', '1');
INSERT INTO ROLE_PRIVILEGES (ROLE_ID, PRIVILEGE_ID) VALUES ('1', '2');
INSERT INTO ROLE_PRIVILEGES (ROLE_ID, PRIVILEGE_ID) VALUES ('1', '3');
INSERT INTO ROLE_PRIVILEGES (ROLE_ID, PRIVILEGE_ID) VALUES ('1', '4');
INSERT INTO ROLE_PRIVILEGES (ROLE_ID, PRIVILEGE_ID) VALUES ('1', '5');
INSERT INTO ROLE_PRIVILEGES (ROLE_ID, PRIVILEGE_ID) VALUES ('1', '6');
INSERT INTO ROLE_PRIVILEGES (ROLE_ID, PRIVILEGE_ID) VALUES ('2', '2');

INSERT INTO USER_T (ID, FIRSTNAME, LASTNAME, USERNAME, PASSWORD, ROLE_ID, ENABLED) VALUES ('1', 'test', 'test', 'test', 'test', '1', true);
INSERT INTO USER_T (ID, FIRSTNAME, LASTNAME, USERNAME, PASSWORD, ROLE_ID, ENABLED) VALUES ('2', 'Teodor', 'Todorov', 'Tazzmanian', 'tttt', '1', true);
INSERT INTO USER_T (ID, FIRSTNAME, LASTNAME, USERNAME, PASSWORD, ROLE_ID, ENABLED) VALUES ('3', 'phil', 'bad', 'phil', 'bad', '2', true);
INSERT INTO USER_T (ID, FIRSTNAME, LASTNAME, USERNAME, PASSWORD, ROLE_ID, ENABLED) VALUES ('4', 'fill', 'gut', 'fill', 'gut', '2', true);
INSERT INTO USER_T (ID, FIRSTNAME, LASTNAME, USERNAME, PASSWORD, ROLE_ID, ENABLED) VALUES ('5', 'get', 'better', 'get', 'better', '2', true);
INSERT INTO USER_T (ID, FIRSTNAME, LASTNAME, USERNAME, PASSWORD, ROLE_ID, ENABLED) VALUES ('6', 'be', 'stronger', 'be', 'stronger', '2', true);
INSERT INTO USER_T (ID, FIRSTNAME, LASTNAME, USERNAME, PASSWORD, ROLE_ID, ENABLED) VALUES ('7', 'strong', 'will', 'strong', 'will', '2', true);
INSERT INTO USER_T (ID, FIRSTNAME, LASTNAME, USERNAME, PASSWORD, ROLE_ID, ENABLED) VALUES ('8', 'stop', 'slack', 'stop', 'slack', '2', true);
INSERT INTO USER_T (ID, FIRSTNAME, LASTNAME, USERNAME, PASSWORD, ROLE_ID, ENABLED) VALUES ('9', 'stop', 'slack', 'ptest', 'test', '2', true);


